Simulations,Pourcentage de victoire,Pourcentage de défaite,Score moyen,Score moyen en cas de victoire
Bot Qui Focus Roi,49.735382,50.264618,26.225437,32.261684
Bot qui construit chere,23.901539,76.098465,23.666548,33.592712
Bot Richard,4.4184613,95.581535,18.5696,31.784496
Bot qui focus marchand,17.046154,82.95384,19.915962,27.958488
Egalité,4.7753844,--,27.603968,27.603968
Nombre de simulations,8125.0
