Simulations,Pourcentage de victoire,Pourcentage de défaite,Score moyen,Score moyen en cas de victoire
Bot Qui Focus Roi,50.180817,49.819183,26.290657,32.280697
Bot qui construit chere,23.747946,76.25205,23.596195,33.55592
Bot Richard,4.4821916,95.51781,18.575743,31.825438
Bot qui focus marchand,16.745205,83.25479,19.838919,27.902658
Egalité,4.7232876,--,27.71247,27.71247
Nombre de simulations,9125.0
