Simulations,Pourcentage de victoire,Pourcentage de défaite,Score moyen,Score moyen en cas de victoire
Bot Qui Focus Roi,50.38201,49.61799,26.331272,32.262173
Bot qui construit chere,23.85618,76.14382,23.552504,33.52451
Bot Richard,4.4134827,95.58652,18.542883,31.806051
Bot qui focus marchand,16.485392,83.51461,19.81156,27.966879
Egalité,4.746068,--,27.657135,27.657135
Nombre de simulations,11125.0
